{
  "Lyngby": {"2025-03-31": {
    "10:08:23": {
      "weather_decription": "Overcast",
      "feelslike": 3,
      "temperature": 6,
      "uv-index": 1,
      "wind_speed": 16,
      "wind_direction": "N",
      "location": "Lyngby, Denmark"
    },
    "10:08:24": {
      "weather_decription": "Overcast",
      "feelslike": 3,
      "temperature": 6,
      "uv-index": 1,
      "wind_speed": 16,
      "wind_direction": "N",
      "location": "Lyngby, Denmark"
    }
  }},
  "london": {
    "2025-03-31": {
      "09:48:27": {
        "weather_decription": "Sunny",
        "feelslike": 5,
        "temperature": 6,
        "uv-index": 0,
        "wind_speed": 7,
        "wind_direction": "NE",
        "location": "London, United Kingdom"
      },
      "09:50:06": {
        "weather_decription": "Sunny",
        "feelslike": 5,
        "temperature": 6,
        "uv-index": 0,
        "wind_speed": 7,
        "wind_direction": "NE",
        "location": "London, United Kingdom"
      },
      "10:02:41": {
        "weather_decription": "Sunny",
        "feelslike": 5,
        "temperature": 6,
        "uv-index": 0,
        "wind_speed": 7,
        "wind_direction": "NE",
        "location": "London, United Kingdom"
      },
      "10:01:54": {
        "weather_decription": "Sunny",
        "feelslike": 5,
        "temperature": 6,
        "uv-index": 0,
        "wind_speed": 7,
        "wind_direction": "NE",
        "location": "London, United Kingdom"
      },
      "10:08:01": {
        "weather_decription": "Sunny",
        "feelslike": 6,
        "temperature": 7,
        "uv-index": 1,
        "wind_speed": 8,
        "wind_direction": "NE",
        "location": "London, United Kingdom"
      },
      "10:11:46": {
        "weather_decription": "Sunny",
        "feelslike": 6,
        "temperature": 7,
        "uv-index": 1,
        "wind_speed": 8,
        "wind_direction": "NE",
        "location": "London, United Kingdom"
      },
      "10:08:52": {
        "weather_decription": "Sunny",
        "feelslike": 6,
        "temperature": 7,
        "uv-index": 1,
        "wind_speed": 8,
        "wind_direction": "NE",
        "location": "London, United Kingdom"
      },
      "09:25:42": {
        "feelslike": 6,
        "temperature": 7,
        "uv-index": 0,
        "wind_speed": 7,
        "location": "London, United Kingdom"
      },
      "09:48:51": {
        "weather_decription": "Sunny",
        "feelslike": 5,
        "temperature": 6,
        "uv-index": 0,
        "wind_speed": 7,
        "wind_direction": "NE",
        "location": "London, United Kingdom"
      },
      "10:14:18": {
        "weather_decription": "Sunny",
        "feelslike": 6,
        "temperature": 7,
        "uv-index": 1,
        "wind_speed": 8,
        "wind_direction": "NE",
        "location": "London, United Kingdom"
      },
      "09:27:30": {
        "feelslike": 6,
        "temperature": 7,
        "uv-index": 0,
        "wind_speed": 7,
        "location": "London, United Kingdom"
      },
      "09:48:44": {
        "weather_decription": "Sunny",
        "feelslike": 5,
        "temperature": 6,
        "uv-index": 0,
        "wind_speed": 7,
        "wind_direction": "NE",
        "location": "London, United Kingdom"
      },
      "09:29:30": {
        "feelslike": 6,
        "temperature": 7,
        "uv-index": 0,
        "wind_speed": 7,
        "location": "London, United Kingdom"
      },
      "10:17:56": {
        "weather_decription": "Sunny",
        "feelslike": 6,
        "temperature": 7,
        "uv-index": 1,
        "wind_speed": 8,
        "wind_direction": "NE",
        "location": "London, United Kingdom"
      },
      "09:33:14": {
        "feelslike": 5,
        "temperature": 6,
        "uv-index": 0,
        "wind_speed": 7,
        "location": "London, United Kingdom"
      },
      "10:18:38": {
        "weather_decription": "Sunny",
        "feelslike": 6,
        "temperature": 7,
        "uv-index": 1,
        "wind_speed": 8,
        "wind_direction": "NE",
        "location": "London, United Kingdom"
      },
      "10:00:13": {
        "weather_decription": "Sunny",
        "feelslike": 5,
        "temperature": 6,
        "uv-index": 0,
        "wind_speed": 7,
        "wind_direction": "NE",
        "location": "London, United Kingdom"
      },
      "09:35:10": {
        "feelslike": 5,
        "temperature": 6,
        "uv-index": 0,
        "wind_speed": 7,
        "location": "London, United Kingdom"
      },
      "09:39:34": {
        "feelslike": 5,
        "temperature": 6,
        "uv-index": 0,
        "wind_speed": 7,
        "location": "London, United Kingdom"
      },
      "09:41:07": {
        "feelslike": 5,
        "temperature": 6,
        "uv-index": 0,
        "wind_speed": 7,
        "location": "London, United Kingdom"
      },
      "09:58:20": {
        "weather_decription": "Sunny",
        "feelslike": 5,
        "temperature": 6,
        "uv-index": 0,
        "wind_speed": 7,
        "wind_direction": "NE",
        "location": "London, United Kingdom"
      }
    },
    "2025-03-26": {"13:05:21": {
      "temperature": 15,
      "wind_speed": 4,
      "location": "London, United Kingdom"
    }},
    "2025-03-28": {
      "13:15:23": {
        "feelslike": 12,
        "temperature": 13,
        "uv-index": 4,
        "wind_speed": 17,
        "location": "London, United Kingdom"
      },
      "12:29:17": {
        "temperature": 13,
        "uv-index": 2,
        "wind_speed": 17,
        "location": "London, United Kingdom"
      },
      "12:24:06": {
        "temperature": 13,
        "uv-index": 2,
        "wind_speed": 17,
        "location": "London, United Kingdom"
      },
      "11:37:09": {
        "temperature": 12,
        "uv-index": 1,
        "wind_speed": 15,
        "location": "London, United Kingdom"
      },
      "12:17:10": {
        "weather_decription": "Partly cloudy",
        "temperature": 13,
        "uv-index": 2,
        "wind_speed": 17,
        "location": "London, United Kingdom"
      },
      "12:55:22": {
        "temperature": 11,
        "uv-index": 2,
        "wind_speed": 17,
        "location": "London, United Kingdom"
      },
      "13:01:46": {
        "temperature": 13,
        "uv-index": 4,
        "wind_speed": 17,
        "location": "London, United Kingdom"
      },
      "13:05:16": {
        "feelslike": 12,
        "temperature": 13,
        "uv-index": 4,
        "wind_speed": 17,
        "location": "London, United Kingdom"
      },
      "13:07:06": {
        "feelslike": 12,
        "temperature": 13,
        "uv-index": 4,
        "wind_speed": 17,
        "location": "London, United Kingdom"
      },
      "11:39:58": {
        "temperature": 12,
        "uv-index": 1,
        "wind_speed": 15,
        "location": "London, United Kingdom"
      },
      "11:59:40": {
        "temperature": 12,
        "uv-index": 1,
        "wind_speed": 15,
        "location": "London, United Kingdom"
      },
      "13:09:38": {
        "feelslike": 12,
        "temperature": 13,
        "uv-index": 4,
        "wind_speed": 17,
        "location": "London, United Kingdom"
      },
      "13:12:18": {
        "feelslike": 12,
        "temperature": 13,
        "uv-index": 4,
        "wind_speed": 17,
        "location": "London, United Kingdom"
      },
      "13:09:02": {
        "feelslike": 12,
        "temperature": 13,
        "uv-index": 4,
        "wind_speed": 17,
        "location": "London, United Kingdom"
      },
      "12:36:09": {
        "temperature": 13,
        "uv-index": 2,
        "wind_speed": 17,
        "location": "London, United Kingdom"
      },
      "12:33:05": {
        "temperature": 13,
        "uv-index": 2,
        "wind_speed": 17,
        "location": "London, United Kingdom"
      },
      "11:37:54": {
        "temperature": 12,
        "uv-index": 1,
        "wind_speed": 15,
        "location": "London, United Kingdom"
      },
      "12:26:10": {
        "temperature": 13,
        "uv-index": 2,
        "wind_speed": 17,
        "location": "London, United Kingdom"
      },
      "12:29:03": {
        "temperature": 13,
        "uv-index": 2,
        "wind_speed": 17,
        "location": "London, United Kingdom"
      },
      "13:13:18": {
        "feelslike": 12,
        "temperature": 13,
        "uv-index": 4,
        "wind_speed": 17,
        "location": "London, United Kingdom"
      },
      "11:25:58": {
        "temperature": 12,
        "uv-index": 1,
        "wind_speed": 15,
        "location": "London, United Kingdom"
      },
      "12:29:11": {
        "temperature": 13,
        "uv-index": 2,
        "wind_speed": 17,
        "location": "London, United Kingdom"
      },
      "13:10:14": {
        "feelslike": 12,
        "temperature": 13,
        "uv-index": 4,
        "wind_speed": 17,
        "location": "London, United Kingdom"
      }
    }
  },
  "paris": {
    "2025-03-31": {
      "10:14:05": {
        "weather_decription": "Sunny",
        "feelslike": 6,
        "temperature": 8,
        "uv-index": 1,
        "wind_speed": 14,
        "wind_direction": "NE",
        "location": "Paris, France"
      },
      "09:26:32": {
        "feelslike": 6,
        "temperature": 8,
        "uv-index": 1,
        "wind_speed": 13,
        "location": "Paris, France"
      },
      "09:50:43": {
        "weather_decription": "Sunny",
        "feelslike": 6,
        "temperature": 8,
        "uv-index": 1,
        "wind_speed": 13,
        "wind_direction": "NNE",
        "location": "Paris, France"
      },
      "10:37:30": {
        "weather_decription": "Partly cloudy",
        "feelslike": 6,
        "temperature": 8,
        "uv-index": 1,
        "wind_speed": 14,
        "wind_direction": "NE",
        "location": "Paris, France"
      },
      "10:37:31": {
        "weather_decription": "Partly cloudy",
        "feelslike": 6,
        "temperature": 8,
        "uv-index": 1,
        "wind_speed": 14,
        "wind_direction": "NE",
        "location": "Paris, France"
      }
    },
    "2025-03-26": {"13:05:37": {
      "temperature": 12,
      "wind_speed": 12,
      "location": "Paris, France"
    }},
    "2025-03-28": {"13:01:52": {
      "temperature": 11,
      "uv-index": 4,
      "wind_speed": 12,
      "location": "Paris, France"
    }}
  },
  "2025-03-20": {
    "10:43:22": {
      "temperature": 15,
      "wind_speed": 6
    },
    "11:33:19": {
      "temperature": 17,
      "wind_speed": 8,
      "location": "London, United Kingdom"
    },
    "10:34:25": {
      "temperature": 0,
      "wind_speed": 0
    },
    "11:32:42": {
      "temperature": 17,
      "wind_speed": 8,
      "location": "London, United Kingdom"
    },
    "11:33:51": {
      "temperature": 17,
      "wind_speed": 8,
      "location": "London, United Kingdom"
    },
    "10:54:06": {
      "temperature": 15,
      "wind_speed": 6
    }
  },
  " berlin": {"2025-03-26": {"13:06:09": {
    "temperature": 9,
    "wind_speed": 17,
    "location": "Berlin, Germany"
  }}},
  "lyngby": {"2025-03-31": {
    "10:14:25": {
      "weather_decription": "Overcast",
      "feelslike": 3,
      "temperature": 6,
      "uv-index": 1,
      "wind_speed": 16,
      "wind_direction": "N",
      "location": "Lyngby, Denmark"
    },
    "10:09:10": {
      "weather_decription": "Overcast",
      "feelslike": 3,
      "temperature": 6,
      "uv-index": 1,
      "wind_speed": 16,
      "wind_direction": "N",
      "location": "Lyngby, Denmark"
    }
  }},
  "London": {"2025-03-31": {
    "11:01:11": {
      "weather_decription": "Sunny",
      "feelslike": 8,
      "temperature": 9,
      "uv-index": 2,
      "wind_speed": 8,
      "wind_direction": "ENE",
      "location": "London, United Kingdom"
    },
    "10:57:08": {
      "weather_decription": "Sunny",
      "feelslike": 8,
      "temperature": 9,
      "uv-index": 1,
      "wind_speed": 8,
      "wind_direction": "NE",
      "location": "London, United Kingdom"
    },
    "10:48:57": {
      "weather_decription": "Sunny",
      "feelslike": 8,
      "temperature": 9,
      "uv-index": 1,
      "wind_speed": 8,
      "wind_direction": "NE",
      "location": "London, United Kingdom"
    },
    "10:47:42": {
      "weather_decription": "Sunny",
      "feelslike": 8,
      "temperature": 9,
      "uv-index": 1,
      "wind_speed": 8,
      "wind_direction": "NE",
      "location": "London, United Kingdom"
    },
    "11:10:46": {
      "weather_decription": "Sunny",
      "feelslike": 8,
      "temperature": 9,
      "uv-index": 2,
      "wind_speed": 8,
      "wind_direction": "ENE",
      "location": "London, United Kingdom"
    },
    "10:38:50": {
      "weather_decription": "Sunny",
      "feelslike": 8,
      "temperature": 9,
      "uv-index": 1,
      "wind_speed": 8,
      "wind_direction": "NE",
      "location": "London, United Kingdom"
    },
    "10:40:04": {
      "weather_decription": "Sunny",
      "feelslike": 8,
      "temperature": 9,
      "uv-index": 1,
      "wind_speed": 8,
      "wind_direction": "NE",
      "location": "London, United Kingdom"
    },
    "11:08:51": {
      "weather_decription": "Sunny",
      "feelslike": 8,
      "temperature": 9,
      "uv-index": 2,
      "wind_speed": 8,
      "wind_direction": "ENE",
      "location": "London, United Kingdom"
    },
    "11:04:10": {
      "weather_decription": "Sunny",
      "feelslike": 8,
      "temperature": 9,
      "uv-index": 2,
      "wind_speed": 8,
      "wind_direction": "ENE",
      "location": "London, United Kingdom"
    },
    "11:03:00": {
      "weather_decription": "Sunny",
      "feelslike": 8,
      "temperature": 9,
      "uv-index": 2,
      "wind_speed": 8,
      "wind_direction": "ENE",
      "location": "London, United Kingdom"
    },
    "10:39:21": {
      "weather_decription": "Sunny",
      "feelslike": 8,
      "temperature": 9,
      "uv-index": 1,
      "wind_speed": 8,
      "wind_direction": "NE",
      "location": "London, United Kingdom"
    },
    "10:30:34": {
      "weather_decription": "Sunny",
      "feelslike": 6,
      "temperature": 7,
      "uv-index": 1,
      "wind_speed": 8,
      "wind_direction": "NE",
      "location": "London, United Kingdom"
    },
    "10:55:37": {
      "weather_decription": "Sunny",
      "feelslike": 8,
      "temperature": 9,
      "uv-index": 1,
      "wind_speed": 8,
      "wind_direction": "NE",
      "location": "London, United Kingdom"
    },
    "10:59:39": {
      "weather_decription": "Sunny",
      "feelslike": 8,
      "temperature": 9,
      "uv-index": 1,
      "wind_speed": 8,
      "wind_direction": "NE",
      "location": "London, United Kingdom"
    },
    "10:31:04": {
      "weather_decription": "Sunny",
      "feelslike": 8,
      "temperature": 9,
      "uv-index": 1,
      "wind_speed": 8,
      "wind_direction": "NE",
      "location": "London, United Kingdom"
    },
    "10:39:08": {
      "weather_decription": "Sunny",
      "feelslike": 8,
      "temperature": 9,
      "uv-index": 1,
      "wind_speed": 8,
      "wind_direction": "NE",
      "location": "London, United Kingdom"
    },
    "11:11:44": {
      "weather_decription": "Sunny",
      "feelslike": 8,
      "temperature": 9,
      "uv-index": 2,
      "wind_speed": 8,
      "wind_direction": "ENE",
      "location": "London, United Kingdom"
    },
    "10:45:10": {
      "weather_decription": "Sunny",
      "feelslike": 8,
      "temperature": 9,
      "uv-index": 1,
      "wind_speed": 8,
      "wind_direction": "NE",
      "location": "London, United Kingdom"
    },
    "10:41:05": {
      "weather_decription": "Sunny",
      "feelslike": 8,
      "temperature": 9,
      "uv-index": 1,
      "wind_speed": 8,
      "wind_direction": "NE",
      "location": "London, United Kingdom"
    },
    "11:09:59": {
      "weather_decription": "Sunny",
      "feelslike": 8,
      "temperature": 9,
      "uv-index": 2,
      "wind_speed": 8,
      "wind_direction": "ENE",
      "location": "London, United Kingdom"
    },
    "11:03:30": {
      "weather_decription": "Sunny",
      "feelslike": 8,
      "temperature": 9,
      "uv-index": 2,
      "wind_speed": 8,
      "wind_direction": "ENE",
      "location": "London, United Kingdom"
    },
    "10:56:50": {
      "weather_decription": "Sunny",
      "feelslike": 8,
      "temperature": 9,
      "uv-index": 1,
      "wind_speed": 8,
      "wind_direction": "NE",
      "location": "London, United Kingdom"
    },
    "10:31:38": {
      "weather_decription": "Sunny",
      "feelslike": 8,
      "temperature": 9,
      "uv-index": 1,
      "wind_speed": 8,
      "wind_direction": "NE",
      "location": "London, United Kingdom"
    },
    "10:55:05": {
      "weather_decription": "Sunny",
      "feelslike": 8,
      "temperature": 9,
      "uv-index": 1,
      "wind_speed": 8,
      "wind_direction": "NE",
      "location": "London, United Kingdom"
    },
    "10:46:52": {
      "weather_decription": "Sunny",
      "feelslike": 8,
      "temperature": 9,
      "uv-index": 1,
      "wind_speed": 8,
      "wind_direction": "NE",
      "location": "London, United Kingdom"
    },
    "10:48:30": {
      "weather_decription": "Sunny",
      "feelslike": 8,
      "temperature": 9,
      "uv-index": 1,
      "wind_speed": 8,
      "wind_direction": "NE",
      "location": "London, United Kingdom"
    },
    "11:12:03": {
      "weather_decription": "Sunny",
      "feelslike": 8,
      "temperature": 9,
      "uv-index": 2,
      "wind_speed": 8,
      "wind_direction": "ENE",
      "location": "London, United Kingdom"
    },
    "10:42:46": {
      "weather_decription": "Sunny",
      "feelslike": 8,
      "temperature": 9,
      "uv-index": 1,
      "wind_speed": 8,
      "wind_direction": "NE",
      "location": "London, United Kingdom"
    },
    "10:43:56": {
      "weather_decription": "Sunny",
      "feelslike": 8,
      "temperature": 9,
      "uv-index": 1,
      "wind_speed": 8,
      "wind_direction": "NE",
      "location": "London, United Kingdom"
    },
    "11:15:43": {
      "weather_decription": "Sunny",
      "feelslike": 8,
      "temperature": 9,
      "uv-index": 2,
      "wind_speed": 8,
      "wind_direction": "ENE",
      "location": "London, United Kingdom"
    },
    "11:08:32": {
      "weather_decription": "Sunny",
      "feelslike": 8,
      "temperature": 9,
      "uv-index": 2,
      "wind_speed": 8,
      "wind_direction": "ENE",
      "location": "London, United Kingdom"
    },
    "10:37:25": {
      "weather_decription": "Sunny",
      "feelslike": 8,
      "temperature": 9,
      "uv-index": 1,
      "wind_speed": 8,
      "wind_direction": "NE",
      "location": "London, United Kingdom"
    },
    "10:37:26": {
      "weather_decription": "Sunny",
      "feelslike": 8,
      "temperature": 9,
      "uv-index": 1,
      "wind_speed": 8,
      "wind_direction": "NE",
      "location": "London, United Kingdom"
    },
    "11:00:15": {
      "weather_decription": "Sunny",
      "feelslike": 8,
      "temperature": 9,
      "uv-index": 1,
      "wind_speed": 8,
      "wind_direction": "NE",
      "location": "London, United Kingdom"
    },
    "11:09:45": {
      "weather_decription": "Sunny",
      "feelslike": 8,
      "temperature": 9,
      "uv-index": 2,
      "wind_speed": 8,
      "wind_direction": "ENE",
      "location": "London, United Kingdom"
    },
    "10:37:21": {
      "weather_decription": "Sunny",
      "feelslike": 8,
      "temperature": 9,
      "uv-index": 1,
      "wind_speed": 8,
      "wind_direction": "NE",
      "location": "London, United Kingdom"
    },
    "10:55:52": {
      "weather_decription": "Sunny",
      "feelslike": 8,
      "temperature": 9,
      "uv-index": 1,
      "wind_speed": 8,
      "wind_direction": "NE",
      "location": "London, United Kingdom"
    },
    "11:09:07": {
      "weather_decription": "Sunny",
      "feelslike": 8,
      "temperature": 9,
      "uv-index": 2,
      "wind_speed": 8,
      "wind_direction": "ENE",
      "location": "London, United Kingdom"
    },
    "11:02:11": {
      "weather_decription": "Sunny",
      "feelslike": 8,
      "temperature": 9,
      "uv-index": 2,
      "wind_speed": 8,
      "wind_direction": "ENE",
      "location": "London, United Kingdom"
    },
    "11:03:47": {
      "weather_decription": "Sunny",
      "feelslike": 8,
      "temperature": 9,
      "uv-index": 2,
      "wind_speed": 8,
      "wind_direction": "ENE",
      "location": "London, United Kingdom"
    },
    "10:56:27": {
      "weather_decription": "Sunny",
      "feelslike": 8,
      "temperature": 9,
      "uv-index": 1,
      "wind_speed": 8,
      "wind_direction": "NE",
      "location": "London, United Kingdom"
    },
    "10:49:30": {
      "weather_decription": "Sunny",
      "feelslike": 8,
      "temperature": 9,
      "uv-index": 1,
      "wind_speed": 8,
      "wind_direction": "NE",
      "location": "London, United Kingdom"
    },
    "10:28:36": {
      "weather_description": "Sunny",
      "uv_index": 1,
      "feelslike": 6,
      "temperature": 7,
      "wind_speed": 8,
      "wind_direction": "NE",
      "location": "London, United Kingdom"
    },
    "10:29:49": {
      "weather_decription": "Sunny",
      "feelslike": 6,
      "temperature": 7,
      "uv-index": 1,
      "wind_speed": 8,
      "wind_direction": "NE",
      "location": "London, United Kingdom"
    },
    "11:15:28": {
      "weather_decription": "Sunny",
      "feelslike": 8,
      "temperature": 9,
      "uv-index": 2,
      "wind_speed": 8,
      "wind_direction": "ENE",
      "location": "London, United Kingdom"
    },
    "11:14:58": {
      "weather_decription": "Sunny",
      "feelslike": 8,
      "temperature": 9,
      "uv-index": 2,
      "wind_speed": 8,
      "wind_direction": "ENE",
      "location": "London, United Kingdom"
    },
    "11:09:32": {
      "weather_decription": "Sunny",
      "feelslike": 8,
      "temperature": 9,
      "uv-index": 2,
      "wind_speed": 8,
      "wind_direction": "ENE",
      "location": "London, United Kingdom"
    },
    "10:26:06": {
      "weather_decription": "Sunny",
      "feelslike": 6,
      "temperature": 7,
      "uv-index": 1,
      "wind_speed": 8,
      "wind_direction": "NE",
      "location": "London, United Kingdom"
    },
    "11:07:50": {
      "weather_decription": "Sunny",
      "feelslike": 8,
      "temperature": 9,
      "uv-index": 2,
      "wind_speed": 8,
      "wind_direction": "ENE",
      "location": "London, United Kingdom"
    },
    "10:42:37": {
      "weather_decription": "Sunny",
      "feelslike": 8,
      "temperature": 9,
      "uv-index": 1,
      "wind_speed": 8,
      "wind_direction": "NE",
      "location": "London, United Kingdom"
    },
    "11:07:13": {
      "weather_decription": "Sunny",
      "feelslike": 8,
      "temperature": 9,
      "uv-index": 2,
      "wind_speed": 8,
      "wind_direction": "ENE",
      "location": "London, United Kingdom"
    },
    "10:39:32": {
      "weather_decription": "Sunny",
      "feelslike": 8,
      "temperature": 9,
      "uv-index": 1,
      "wind_speed": 8,
      "wind_direction": "NE",
      "location": "London, United Kingdom"
    },
    "11:03:57": {
      "weather_decription": "Sunny",
      "feelslike": 8,
      "temperature": 9,
      "uv-index": 2,
      "wind_speed": 8,
      "wind_direction": "ENE",
      "location": "London, United Kingdom"
    }
  }},
  "2025-03-03": {
    "10:33:56": {
      "temperature": 2,
      "wind_speed": 4
    },
    "10:17:17": {
      "temperature": 2,
      "wind_speed": 4
    },
    "10:34:43": {
      "temperature": 2,
      "wind_speed": 4
    },
    "10:34:51": {
      "temperature": 2,
      "wind_speed": 4
    }
  },
  "2025-03-26": {
    "13:01:08": {
      "temperature": 12,
      "wind_speed": 12,
      "location": "Paris, France"
    },
    "13:02:04": {
      "temperature": 14,
      "wind_speed": 5,
      "location": "London, United Kingdom"
    },
    "12:57:08": {
      "temperature": 14,
      "wind_speed": 5,
      "location": "London, United Kingdom"
    },
    "12:58:08": {
      "temperature": 12,
      "wind_speed": 12,
      "location": "Paris, France"
    },
    "12:39:20": {
      "temperature": 15,
      "wind_speed": 5,
      "location": "London, United Kingdom"
    },
    "12:30:22": {
      "temperature": 13,
      "wind_speed": 5,
      "location": "London, United Kingdom"
    },
    "13:00:05": {
      "temperature": 14,
      "wind_speed": 5,
      "location": "London, United Kingdom"
    },
    "12:57:56": {
      "temperature": 15,
      "wind_speed": 5,
      "location": "London, United Kingdom"
    },
    "13:01:23": {
      "temperature": 15,
      "wind_speed": 5,
      "location": "London, United Kingdom"
    },
    "12:58:57": {
      "temperature": 12,
      "wind_speed": 12,
      "location": "Paris, France"
    },
    "12:57:22": {
      "temperature": 12,
      "wind_speed": 12,
      "location": "Paris, France"
    },
    "12:57:55": {
      "temperature": 15,
      "wind_speed": 5,
      "location": "London, United Kingdom"
    },
    "13:01:51": {
      "temperature": 14,
      "wind_speed": 5,
      "location": "London, United Kingdom"
    },
    "13:02:10": {
      "temperature": 12,
      "wind_speed": 12,
      "location": "Paris, France"
    },
    "12:59:20": {
      "temperature": 12,
      "wind_speed": 12,
      "location": "Paris, France"
    },
    "13:00:30": {
      "temperature": 12,
      "wind_speed": 12,
      "location": "Paris, France"
    },
    "12:58:40": {
      "temperature": 14,
      "wind_speed": 5,
      "location": "London, United Kingdom"
    },
    "13:00:51": {
      "temperature": 14,
      "wind_speed": 5,
      "location": "London, United Kingdom"
    },
    "12:31:38": {
      "temperature": 13,
      "wind_speed": 5,
      "location": "London, United Kingdom"
    },
    "12:40:32": {
      "temperature": 12,
      "wind_speed": 12,
      "location": "Paris, France"
    }
  },
  "2025-03-06": {
    "10:37:19": {
      "temperature": 10,
      "wind_speed": 22
    },
    "10:38:29": {
      "temperature": 8,
      "wind_speed": 21
    },
    "11:12:27": {
      "temperature": 8,
      "wind_speed": 21
    },
    "11:12:38": {
      "temperature": 10,
      "wind_speed": 15
    },
    "10:36:31": {
      "temperature": 10,
      "wind_speed": 10
    }
  },
  "Paris": {
    "2025-03-31": {
      "09:48:54": {
        "weather_decription": "Sunny",
        "feelslike": 6,
        "temperature": 8,
        "uv-index": 1,
        "wind_speed": 13,
        "wind_direction": "NNE",
        "location": "Paris, France"
      },
      "10:42:51": {
        "weather_decription": "Partly cloudy",
        "feelslike": 7,
        "temperature": 9,
        "uv-index": 1,
        "wind_speed": 14,
        "wind_direction": "NE",
        "location": "Paris, France"
      }
    },
    "2025-03-28": {
      "11:37:27": {
        "temperature": 8,
        "uv-index": 3,
        "wind_speed": 9,
        "location": "Paris, France"
      },
      "11:37:28": {
        "temperature": 8,
        "uv-index": 3,
        "wind_speed": 9,
        "location": "Paris, France"
      }
    }
  }
}